LOC,รหัสอาคาร,ชั้น,ห้อง / พื้นที่,เครื่องตาม Registry,ที่มา,ลำดับตามทางเดิน,ประเภทพื้นที่,มีตู้/จุดเครือข่าย,หมายเหตุ
LOC-001,b1,1,ห้องครูตุ๊ก,3,SBC ASSET,,,,
LOC-002,b1,1,ห้องพหุปัญญา,1,SBC ASSET,,,,
LOC-003,b1,1,ห้องเตรียมอนุบาล,1,SBC ASSET,,,,
LOC-004,b1,1,อนุบาล 1/5,1,SBC ASSET,,,,
LOC-005,b1,1,อนุบาล 1/6,1,SBC ASSET,,,,
LOC-006,b1,1,อนุบาล 1/7,1,SBC ASSET,,,,
LOC-007,b1,1,อนุบาล 1/8,1,SBC ASSET,,,,
LOC-008,b1,1,อนุบาล 1/9,1,SBC ASSET,,,,
LOC-009,b1,2,ห้องดนตรี,1,SBC ASSET,,,,
LOC-010,b1,2,ห้องดนตรี2,1,SBC ASSET,,,,
LOC-011,b1,2,อนุบาล 2/10,1,SBC ASSET,,,,
LOC-012,b1,2,อนุบาล 2/5,1,SBC ASSET,,,,
LOC-013,b1,2,อนุบาล 2/6,1,SBC ASSET,,,,
LOC-014,b1,2,อนุบาล 2/7,1,SBC ASSET,,,,
LOC-015,b1,2,อนุบาล 2/8,1,SBC ASSET,,,,
LOC-016,b1,2,อนุบาล 2/9,1,SBC ASSET,,,,
LOC-017,b1,3,ห้อง 1308 ห้องเปล่าแต่มีคอม,1,SBC ASSET,,,,
LOC-018,b1,3,อนุบาล 3/10,1,SBC ASSET,,,,
LOC-019,b1,3,อนุบาล 3/5,1,SBC ASSET,,,,
LOC-020,b1,3,อนุบาล 3/6,1,SBC ASSET,,,,
LOC-021,b1,3,อนุบาล 3/7,1,SBC ASSET,,,,
LOC-022,b1,3,อนุบาล 3/8,1,SBC ASSET,,,,
LOC-023,b1,3,อนุบาล 3/9,1,SBC ASSET,,,,
LOC-024,b2,1,ฝ่ายอาคารสถานที่,5,SBC ASSET,,,,
LOC-026,b2,1,ร้านค้า gift shop,1,SBC ASSET,,,,
LOC-027,b2,1,สายชั้นประถมต้น,3,SBC ASSET,,,,
LOC-028,b2,1,ห้องพักครูจีน,2,SBC ASSET,,,,
LOC-029,b2,2,ห้องครูมด,4,SBC ASSET,,,,
LOC-030,b2,2,ห้องดนตรี,1,SBC ASSET,,,,
LOC-031,b2,3,ห้องคอม 2310,40,SBC ASSET,,,,
LOC-032,s8,1,การเงิน,3,SBC ASSET,,,,
LOC-033,s8,1,นิเทศสัมพันธ์,3,SBC ASSET,,,,
LOC-034,s8,1,ร้านค้า pc,1,SBC ASSET,,,,
LOC-035,s8,1,สวัสดิการ,3,SBC ASSET,,,,
LOC-037,s8,2,หอประชุม,2,SBC ASSET,,,,
LOC-039,s8,2,หอประชุมเล็ก,1,SBC ASSET,,,,
LOC-040,s8,3,ป.3/7,1,SBC ASSET,,,,
LOC-041,s8,3,ห้องดนตรี,1,SBC ASSET,,,,
LOC-042,s8,4,ห้องพักครู,1,SBC ASSET,,,,
LOC-043,s8,5,ครูวุฒ,7,SBC ASSET,,,,
LOC-044,s8,5,ห้องครูฝน,1,SBC ASSET,,,,
LOC-045,s8,5,ห้องคอม,41,SBC ASSET,,,,
LOC-046,s8,5,ห้องสมุด,9,SBC ASSET,,,,
LOC-047,s8,6,ดนตรี,1,SBC ASSET,,,,
LOC-048,s8,6,นาฏศิลป์,1,SBC ASSET,,,,
LOC-049,s8,6,ห้องคอม 39ตัว,39,SBC ASSET,,,,
LOC-050,s8,6,ห้องคอม 40ตัว,40,SBC ASSET,,,,
LOC-051,s8,6,ห้องจีน,1,SBC ASSET,,,,
LOC-052,s8,7,ป.5/9,1,SBC ASSET,,,,
LOC-053,s8,7,ห้องพักครู,1,SBC ASSET,,,,
LOC-054,s8,8,ห้องพักครู,2,SBC ASSET,,,,
LOC-055,ba,1,ธุรการ,7,SBC ASSET,,,,
LOC-056,ba,1,มินิมาค,1,SBC ASSET,,,,
LOC-057,ba,1,วิชาการ,7,SBC ASSET,,,,
LOC-058,ba,1,ห้องพยาบาล,1,SBC ASSET,,,,
LOC-059,ba,2,หน้าห้องสมาคม,1,SBC ASSET,,,,
LOC-060,ba,2,ห้องนาฏศิลป์,1,SBC ASSET,,,,
LOC-061,ba,2,ห้องสตู,1,SBC ASSET,,,,
LOC-062,ba,7,ห้องคอมด้านนอก,39,SBC ASSET,,,,
LOC-063,ba,7,ห้องคอมด้านใน,41,SBC ASSET,,,,
LOC-064,bb,1,notebook HP,30,SBC ASSET,,,,
LOC-065,bb,1,ห้องนวัตกรรม,1,SBC ASSET,,,,
LOC-066,bb,1,ห้องฝ่ายมัธยมปลาย,3,SBC ASSET,,,,
LOC-067,bb,1,เครื่อง toshiba ใช้ได้,15,SBC ASSET,,,,
LOC-068,bb,1,เครื่องสำหรับคิดค่าเทอม,5,SBC ASSET,,,,
LOC-069,bb,1,เครื่องสแปร์,14,SBC ASSET,,,,
LOC-070,bb,1,เครื่องอะไหล่,83,SBC ASSET,,,,
LOC-071,bb,3,ห้องสมุด ชั้น 3,15,SBC ASSET,,,,
LOC-086,bb,1,ห้อง IT,5,SBC ASSET,,,,
LOC-087,bb,3,ห้องคอม 2305,41,SBC ASSET,,,,
LOC-089,bb,3,ห้อง 2306,41,SBC ASSET,,,,
LOC-090,bb,3,ห้องพักครู,5,SBC ASSET,,,,
LOC-091,bb,3,ห้องสมุด,1,SBC ASSET,,,,
LOC-092,bb,5,ห้องวิชาทหาร,1,SBC ASSET,,,,
LOC-093,bb,6,ห้องพักครู,2,SBC ASSET,,,,
LOC-094,i1,1,ห้องดนตรี,1,SBC ASSET,,,,
LOC-095,i1,1,ห้องนาฏศิลป์,1,SBC ASSET,,,,
LOC-096,i1,1,ห้องพหุปัญญา,1,SBC ASSET,,,,
LOC-097,i1,1,ห้องพักครูicet1,14,SBC ASSET,,,,
LOC-098,i1,1,ห้องเตรียมอนุบาล,1,SBC ASSET,,,,
LOC-099,i1,1,อนุบาล 1/1,1,SBC ASSET,,,,
LOC-100,i1,1,อนุบาล 1/2,1,SBC ASSET,,,,
LOC-101,i1,1,อนุบาล 1/3,1,SBC ASSET,,,,
LOC-102,i1,1,อนุบาล 1/4,1,SBC ASSET,,,,
LOC-103,i1,1,อนุบาล 2/1,1,SBC ASSET,,,,
LOC-104,i1,1,อนุบาล 2/2,1,SBC ASSET,,,,
LOC-105,i1,1,อนุบาล 2/3,1,SBC ASSET,,,,
LOC-106,i1,1,อนุบาล 2/4,1,SBC ASSET,,,,
LOC-107,i1,2,นาฏศิลป์,1,SBC ASSET,,,,
LOC-108,i1,2,ป 1/1,1,SBC ASSET,,,,
LOC-109,i1,2,ป 1/2,1,SBC ASSET,,,,
LOC-110,i1,2,ป 1/3,1,SBC ASSET,,,,
LOC-111,i1,2,ป 1/4,1,SBC ASSET,,,,
LOC-112,i1,2,ป 1/5,1,SBC ASSET,,,,
LOC-113,i1,2,ป 1/6,1,SBC ASSET,,,,
LOC-114,i1,2,ป 2/1,1,SBC ASSET,,,,
LOC-115,i1,2,ป 2/2,1,SBC ASSET,,,,
LOC-116,i1,2,ห้องคอม C205,31,SBC ASSET,,,,
LOC-117,i1,2,ห้องคอม C203,29,SBC ASSET,,,,
LOC-118,i1,2,ห้องคอม C204,31,SBC ASSET,,,,
LOC-119,i1,2,ห้องพักครู,4,SBC ASSET,,,,
LOC-120,i1,2,ห้องศิลปะ,1,SBC ASSET,,,,
LOC-121,i1,2,ห้องเธียเตอร์,1,SBC ASSET,,,,
LOC-122,i1,2,อนุบาล 3/1,1,SBC ASSET,,,,
LOC-123,i1,2,อนุบาล 3/2,1,SBC ASSET,,,,
LOC-124,i1,2,อนุบาล 3/3,1,SBC ASSET,,,,
LOC-125,i1,2,อนุบาล 3/4,1,SBC ASSET,,,,
LOC-126,i1,3,ป 2/1,1,SBC ASSET,,,,
LOC-127,i1,3,ป 2/2,1,SBC ASSET,,,,
LOC-128,i1,3,ป 2/3,1,SBC ASSET,,,,
LOC-129,i1,3,ป 2/4,1,SBC ASSET,,,,
LOC-130,i1,3,ป 2/5,1,SBC ASSET,,,,
LOC-131,i1,3,ป 2/6,1,SBC ASSET,,,,
LOC-132,i1,3,ป 3/1,1,SBC ASSET,,,,
LOC-133,i1,3,ป 3/2,1,SBC ASSET,,,,
LOC-134,i1,3,ป 3/3,1,SBC ASSET,,,,
LOC-135,i1,3,ป 3/6,1,SBC ASSET,,,,
LOC-136,i1,3,ห้องดนตรี,1,SBC ASSET,,,,
LOC-137,i1,3,ห้องพักครู,1,SBC ASSET,,,,
LOC-138,i1,3,ห้องสมาร์ท,1,SBC ASSET,,,,
LOC-139,i2,2,ป 4/1,1,SBC ASSET,,,,
LOC-140,i2,2,ป 4/2,1,SBC ASSET,,,,
LOC-141,i2,2,ป 4/3,1,SBC ASSET,,,,
LOC-142,i2,2,ป 4/4,1,SBC ASSET,,,,
LOC-143,i2,2,ป 4/5,1,SBC ASSET,,,,
LOC-144,i2,2,ป 5/1,1,SBC ASSET,,,,
LOC-145,i2,2,ป 5/2,1,SBC ASSET,,,,
LOC-146,i2,2,ป 5/3,1,SBC ASSET,,,,
LOC-147,i2,2,ห้องคอม C220,28,SBC ASSET,,,,
LOC-148,i2,3,ป 5/4,1,SBC ASSET,,,,
LOC-149,i2,3,ป 5/5,1,SBC ASSET,,,,
LOC-150,i2,3,ป 5/6,1,SBC ASSET,,,,
LOC-151,i2,3,ป 6/1,1,SBC ASSET,,,,
LOC-152,i2,3,ป 6/2,1,SBC ASSET,,,,
LOC-153,i2,3,ป 6/3,1,SBC ASSET,,,,
LOC-154,i2,3,ป 6/4,1,SBC ASSET,,,,
LOC-155,i2,3,ป 6/5,1,SBC ASSET,,,,
LOC-156,i2,4,Pc,15,SBC ASSET,,,,
LOC-157,i2,4,ดนตรีไทย,1,SBC ASSET,,,,
LOC-158,i2,4,ห้องคอม,29,SBC ASSET,,,,
LOC-159,i2,4,ห้องชีวะ,1,SBC ASSET,,,,
LOC-160,i2,4,ห้องนาฏศิลป์,1,SBC ASSET,,,,
LOC-161,i2,4,ห้องพักครู,2,SBC ASSET,,,,
LOC-162,i2,4,ห้องฟิสิกส์,1,SBC ASSET,,,,
LOC-163,i2,4,ห้องสตู,2,SBC ASSET,,,,
LOC-164,i2,4,ห้องเคมี,1,SBC ASSET,,,,
LOC-165,i2,5,ม 1/1,1,SBC ASSET,,,,
LOC-166,i2,5,ม 2/1,1,SBC ASSET,,,,
LOC-167,i2,5,ม 2/2,1,SBC ASSET,,,,
LOC-168,i2,5,ม 2/3,1,SBC ASSET,,,,
LOC-169,i2,5,ม. 1/2,1,SBC ASSET,,,,
LOC-170,i2,5,ม. 3/1,1,SBC ASSET,,,,
LOC-171,i2,5,ม. 3/2,1,SBC ASSET,,,,
LOC-172,i2,5,ม.1/3,1,SBC ASSET,,,,
LOC-173,i2,5,ห้องศิลปะ1,1,SBC ASSET,,,,
LOC-174,i2,5,ห้องศิลปะ2,1,SBC ASSET,,,,
LOC-175,i2,6,ม 3/3,1,SBC ASSET,,,,
LOC-176,i2,6,ม 4/1,1,SBC ASSET,,,,
LOC-177,i2,6,ม 4/2,1,SBC ASSET,,,,
LOC-178,i2,6,ม 5/1,1,SBC ASSET,,,,
LOC-179,i2,6,ม 5/2,1,SBC ASSET,,,,
LOC-180,i2,6,ม. 6/1,1,SBC ASSET,,,,
LOC-181,i2,6,ม. 6/2,1,SBC ASSET,,,,
LOC-182,i2,6,ห้องคอม C260,28,SBC ASSET,,,,
LOC-183,i2,7,ดนตรี,1,SBC ASSET,,,,
LOC-184,i2,7,นาฏศิลป์,1,SBC ASSET,,,,
LOC-185,i2,7,ห้องคอม C2702 (ขวา),28,SBC ASSET,,,,
LOC-186,i2,7,ห้องคอม C2701 (ซ้าย),28,SBC ASSET,,,,
SPORT-01,sp,1,Walkthrough ชั้น 1,0,SBC ASSET,,,,
SPORT-02,sp,2,Walkthrough ชั้น 2,0,SBC ASSET,,,,
SPORT-03,sp,3,Walkthrough ชั้น 3,0,SBC ASSET,,,,
SPORT-04,sp,4,Walkthrough ชั้น 4,0,SBC ASSET,,,,
LOC-187,b2,1,ห้อง server หลัก,,เพิ่มใหม่,,ห้อง server / rack,มี,"CCR2116, CCR1036, MainA ปลายตึกฝั่งอาคาร B"
