รหัสในภาพ 3D,ชื่อที่แสดง,ชื่อ host ใน Zabbix,ประเภท,รุ่น,รหัสอาคาร,ชั้น,LOC,IP,ต่อจาก (รหัสในภาพ 3D),ชนิดสาย,VLAN,เลขครุภัณฑ์,สถานะข้อมูล,หมายเหตุ
c2116,CCR2116,,core,MikroTik CCR2116-12G-4S+,b2,1,LOC-187,192.168.1.1,,,,,ต้องตรวจ,
c1036,CCR1036,,core,MikroTik CCR1036-12G-4S,b2,1,LOC-187,192.168.1.2,c2116,LACP 4x1G,,,ต้องตรวจ,
mainA,MainA,,core,TP-Link SG6428X,b2,1,LOC-187,192.168.1.11,c2116,trunk,,,ต้องตรวจ,
udm,UDM Pro Max,,controller,UniFi Controller,b2,1,LOC-187,,c2116,วางแผน,98 (วางแผน),,วางแผน,
omada,Omada Fusion 2.5G,,controller,Omada Controller,b2,1,LOC-187,,c2116,วางแผน,99 (วางแผน),,วางแผน,
wan0,NT,,wan,,,,,,c2116,PPPoE,,,ต้องตรวจ,
wan1,3BB,,wan,,,,,,c2116,PPPoE,,,ต้องตรวจ,
wan2,TRUE,,wan,,,,,,c2116,PPPoE,,,ต้องตรวจ,
wan3,AIS,,wan,,,,,,c2116,PPPoE,,,ต้องตรวจ,
m-sp,อาคารกีฬา main,,main,ER8411,sp,1,,,m-i2,LAN,90,,ต้องตรวจ,
m-sp3,อาคารกีฬา ชั้น 3 (ไฟเบอร์),,main,จุดรับไฟเบอร์,sp,3,,,c1036,ไฟเบอร์,,,ต้องตรวจ,
sw-sp-1,อาคารกีฬา ชั้น 1,,access,สวิตช์ประจำชั้น,sp,1,,,m-sp,LAN,90,,ต้องตรวจ,
m-i2,ICET2 main,,main,LINK PSG-5124A,i2,1,,192.168.1.21,c1036,ไฟเบอร์,60,,ต้องตรวจ,
sw-i2-2,ICET2 ชั้น 2,,access,สวิตช์ประจำชั้น,i2,2,,,m-i2,LAN,60,,ต้องตรวจ,
sw-i2-3,ICET2 ชั้น 3,,access,สวิตช์ประจำชั้น,i2,3,,,m-i2,LAN,60,,ต้องตรวจ,
sw-i2-4,ICET2 ชั้น 4,,access,สวิตช์ประจำชั้น,i2,4,,,m-i2,LAN,60,,ต้องตรวจ,
sw-i2-5,ICET2 ชั้น 5,,access,สวิตช์ประจำชั้น,i2,5,,,m-i2,LAN,60,,ต้องตรวจ,
sw-i2-6,ICET2 ชั้น 6,,access,สวิตช์ประจำชั้น,i2,6,,,m-i2,LAN,60,,ต้องตรวจ,
sw-i2-7,ICET2 ชั้น 7,,access,สวิตช์ประจำชั้น,i2,7,,,m-i2,LAN,60,,ต้องตรวจ,
m-i1,ICET1 main ชั้น 1 (มุมฝั่ง ICET2),,main,SG2428P,i1,1,,,c1036,ไฟเบอร์,50,,ต้องตรวจ,
sw-i1-1,ICET1 ชั้น 1,,access,TL-SG1218MPE,i1,1,,,m-i1,LAN,50,,ต้องตรวจ,
m-i1w,ICET1 main ชั้น 1 (ฝั่งอาคารกีฬา),,main,สวิตช์ main,i1,1,,,m-b1,LAN,,,ต้องตรวจ,
m-b1,อาคาร 1 main,,main,SG2428P,b1,2,,,c1036,ไฟเบอร์,10,,ต้องตรวจ,
sw-b1-2,อาคาร 1 ชั้น 2,,access,TL-SG1218MPE,b1,2,,,m-b1,LAN,10,,ต้องตรวจ,
m-b2,อาคาร 2 main,,main,LINK PSG-5124A,b2,2,,,c1036,LAN,20,,ต้องตรวจ,
sw-b2-2,อาคาร 2 ชั้น 2,,access,TL-SG1218MPE,b2,2,,,m-b2,LAN,20,,ต้องตรวจ,
m-s8,8 เซียน main,,main,SG2428P,s8,3,,,c1036,ไฟเบอร์,40,,ต้องตรวจ,
sw-s8-a,8 เซียน ชั้น 3 (24 port),,access,UniFi PoE 24 port,s8,3,,,m-s8,LAN,40,,ต้องตรวจ,
sw-s8-b,8 เซียน ชั้น 3 (16 port),,access,UniFi PoE 16 port,s8,3,,,m-s8,LAN,40,,ต้องตรวจ,
fin,การเงิน,,access,MikroTik CCR1009,s8,1,LOC-032,,m-s8,LAN,30,,ต้องตรวจ,
m-a1,อาคาร A main ชั้น 1,,main,ER8411,ba,1,,,mainA,ไฟเบอร์,100 (Admin + Academic),,ต้องตรวจ,
mainB,MainB,,main,TP-Link SG6428X,bb,3,,192.168.1.12,mainA,ไฟเบอร์,80,,ต้องตรวจ,
m-a4,อาคาร A main ชั้น 4,,main,UniFi 24P 250W,ba,4,,,mainB,ไฟเบอร์,70,,ต้องตรวจ,
sw-bb-2,อาคาร B ชั้น 2,,access,UniFi PoE 16 port,bb,2,,,mainB,LAN,80,,ต้องตรวจ,
sw-bb-4,อาคาร B ชั้น 4,,access,UniFi PoE 16 port,bb,4,,,mainB,LAN,80,,ต้องตรวจ,
sw-bb-6,อาคาร B ชั้น 6,,access,UniFi PoE 16 port,bb,6,,,mainB,LAN,80,,ต้องตรวจ,
nvr-b2-0,NVR อาคาร 2 #1,,nvr,Hikvision NVR,b2,1,,,,,103 / 104,,ต้องตรวจ,
nvr-b2-1,NVR อาคาร 2 #2,,nvr,Hikvision NVR,b2,1,,,,,103 / 104,,ต้องตรวจ,
nvr-b2-2,NVR อาคาร 2 #3,,nvr,Hikvision NVR,b2,1,,,,,103 / 104,,ต้องตรวจ,
nvr-b2-3,NVR อาคาร 2 #4,,nvr,Hikvision NVR,b2,1,,,,,103 / 104,,ต้องตรวจ,
nvr-i1-0,NVR ICET1 #1,,nvr,Hikvision NVR,i1,1,,,,,103 / 104,,ต้องตรวจ,
nvr-i1-1,NVR ICET1 #2,,nvr,Hikvision NVR,i1,1,,,,,103 / 104,,ต้องตรวจ,
nvr-i1-2,NVR ICET1 #3,,nvr,Hikvision NVR,i1,1,,,,,103 / 104,,ต้องตรวจ,
nvr-sp-0,NVR อาคารกีฬา #1,,nvr,Hikvision NVR,sp,1,,,,,103 / 104,,ต้องตรวจ,
nvr-sp-1,NVR อาคารกีฬา #2,,nvr,Hikvision NVR,sp,1,,,,,103 / 104,,ต้องตรวจ,
nvr-s8-0,NVR 8 เซียน #1,,nvr,Hikvision NVR,s8,1,,,,,103 / 104,,ต้องตรวจ,
nvr-ba-0,NVR อาคาร A #1,,nvr,Hikvision NVR,ba,1,,,,,103 / 104,,ต้องตรวจ,
nvr-bb-0,NVR อาคาร B #1,,nvr,Hikvision NVR,bb,1,,,,,103 / 104,,ต้องตรวจ,
nvr-i2-0,NVR ICET2 #1,,nvr,Hikvision NVR,i2,1,,,,,103 / 104,,ต้องตรวจ,
ap-ba-2-1,AP อาคาร A ชั้น 2 #1,,ap,UniFi AP LR,ba,2,,,m-a4,LAN,,,ตัวอย่าง,"AP ทั้ง 132 ตัว นำเข้าจาก UniFi, Omada และ LINK controller แทนการกรอกมือ"
